Channel id,Channel Name,Total Videos,Subscribers,Total Views,,,
UC8md0UEGj7UbjcZtMjBVrgQ,Behindwoods TV,85552,19900000,28202396879,,,
UCZFMm1mMw0F81Z37aaEzTUA,NDTV,253938,15500000,7702483486,,,
UCmyKnNRH0wH-r8I-ceP-dsg,PuthiyathalaimuraiTV,451898,15000000,14116793437,,,
UC531MlZA5LUbeGwEN_zcppw,News18 Bihar Jharkhand,227147,12700000,5752383019,,,
UC-JFyL0zDFOsPMpuWu39rPA,Thanthi TV,601715,12500000,19029520010,,,
UC8Z-VjXBtDJTvq6aqkIskPg,Polimer News,357313,12400000,16266887892,,,
UCSbUX_gKMur5FPcTbH2L5mA,Galatta Tamil | ??????? ?????,97947,11500000,10322542869,,,
UCYlh4lH762HvHt6mmiecyWQ,Sun News,207867,11300000,9724375564,,,
UCYPvAwZP8pZhSMW8qs7cVCw,India Today,300241,10900000,5423895704,,,
UCef1-8eOpJgud7szVPlZQAQ,CNN-News18,255873,10300000,5809999614,,,
UCtFQDgA8J8_iiwc5-KoAQlg,ANI News,120838,9060000,6038499741,,,
UCY6KjrDBN_tIRFT_QNqQbRQ,Madan Gowri,4051,8480000,2722312554,,,
UC2ziCMHFPWkFHjocUMXT__Q,Sathiyam News,215271,7310000,6591128580,,,
UC6RJ7-PaXg6TIH2BzZfTV7w,Times Now,189770,7130000,3995250132,,,
UCat88i6_rELqI_prwvjspRA,News18 Tamil Nadu,299031,7090000,5435487921,,,
UCGyZswzm4G-wEfRQHgMSAuw,News7 Tamil,155958,5400000,2012175530,,,
UCiqE4DQsQ0zlwjOV04s2gEA,NewsGlitz Tamil,34222,5400000,2603231477,,,
UCpZBvTbjam0yTrD4HUUWTZw,Oneindia Tamil,38587,4780000,953026240,,,
UCJEDFSxHHOW1PpBccdSxOTA,The Indian Express,59508,4280000,1609381946,,,
UCdMtj4CiqlZTgzFT5FdDd7A,Nakkheeran TV ,33457,4130000,1616336658,,,
UC38z3fT9RO4yugLJoCZLygw,Behindwoods O2,8576,4100000,892005519,,,
UCUWdltdSR6mONwLa5ODDVjw,Galatta Voice,42319,4050000,2170875521,,,
UCtbo6_eDG7zEtaOtcSltJkA,NewsTamil 24X7,261783,4000000,4084556401,,,
UCZinho9wu3iAeRpUXvAMzBQ,IBC Tamil,48376,3830000,1616598176,,,
UChcR8SrIiSON4KxmtpwfMgw,Dinamalar,158273,3460000,2105939343,,,
UCwgqmM4JWKAhKzuhGbFIMTg,Aadhan Tamil,17955,2800000,842912493,,,
UCe1Nb-N6XgLFHfGxZjIkF8A,Red Pix 24x7,22146,2790000,1194803127,,,
UCid9cuueSsvDweLhPqDpAjA,Prime9 Tamil,6298,2200000,128267052,,,
UCRK4FDIkUyslEAUdyRDdCtQ,NEWS9 Live,116447,2150000,767965287,,,
UCoOu4D7foJWfKvcDLxqrF2Q,Chanakyaa,86034,2080000,1157852490,,,
UCtuuSv_4r6op5RHDs9HzsqA,Bingoo Box,7204,1970000,1063210342,,,
UC730W2Tw77OQ8dOOCKWXaPQ,ABP Nadu,58514,1960000,2157156208,,,
UCyQEgd5bpLWVkFs3-fdYMQQ,Saattai,5452,1870000,702618483,,,
UC3njZ48-FDxLleBYaP0SZIg,The Hindu,13940,1850000,366267845,,,
UCXbufH95DIUqyAWSzeDI0JQ,Malaimurasu Tv 24X7,100101,1850000,649186493,,,
UCfNpmB2rUzgFyQ40rJOizzg,iTamilNews,26636,1770000,933318585,,,
UCKS2lBhhZZGipYENVHxMBkQ,HW News English,28606,1730000,690241795,,,
UCcVF2Fth-qEA4T1Lhn3CgKg,Kalaignar TV News,61776,1620000,789126995,,,
UCytSP0M0Jdnw6qIy3Y-nTig,NewsX Live,77058,1520000,497664708,,,
UCIHJMzz_wfpggVFf-PJehlA,Mobile Journalist,18579,1510000,721234784,,,
UC5LByW5cyoCtMu3wsJot2mQ,Fine Time Media ,1791,1430000,18755103,,,
UCDh2jW3DhVDpNYmRPeJUe5A,Aagayam Tamil,18739,1330000,707161988,,,
UCiQqeecBr38vyQCTq-ef9MQ,Neerthirai,8925,1270000,452206587,,,
UCRYRja_Viq1lWUJocHN6dtQ,Tamil News Now ,6502,1130000,979574688,,,
UCsfh2Zb7-m4qzT8jLhK_Fzw,NewsJ,132863,1110000,361918275,,,
UCN0lfcRcYiMzLzGn1SnSsXw,Maridhas Answers,2317,1100000,339316649,,,
UCaoclAkL8-uQ1V_6riZDDYQ,YellowBench Tamil,10191,1060000,422988415,,,
UC6OTvR4AB1CHC4HT_AlOmHg,V News27,91627,1030000,932913492,,,
UCpZWab1NlVkDeM1RYd3Yg5g,Orae Thalaivan,745,1000000,147453887,,,
UCQref5u7Hm10bAHWSD_sXSQ,Jeeva Today,9743,989000,356098559,,,
UCfBXwSssUDv3_4RY8UQ3WYw,King 360,22486,940000,335383466,,,
UCpSLfHgOlcSBlkxRnMKcnVw,Ilaya Bharatham-???? ?????? ,18064,937000,921366599,,,
UCMkpWZfMBmu3eFbc32MVFRg,Wow Tamizhaa,14501,925000,648012639,,,
UCJ36XbT02JNAlBEBgZtW7GQ,Hindu Tamil Thisai,15436,922000,244071334,,,
UCrpEPrZCzOBIpz4XRMEaUAQ,India Today Conclave,2715,919000,202194687,,,
UC7VpplgC9slfyAyZktw4dig,2 K DHANUSH,688,918000,1094290422,,,
UCZQ1PNcXnEOsb8SOBYPIrHQ,Pesu Tamizha Pesu,11145,910000,437094950,,,
UC6VwW1QAQuPBSHZ9a_25yYg,nba 24x7,23565,884000,305734408,,,
UCgFSoS8vu0ONak4z5OBORHw,Minnambalam,24260,883000,385688076,,,
UC5OAuYMWPqdWMmWlDkZV2gw,Channel 5 Tamil,9927,879000,127958040,,,
UC8KjgXw8aG0v2uHrtGY4pAg,Cloud7 Voice,1555,842000,333918530,,,
UCPIM-Ev-sEJ_aEcpDCndqUQ,Advocate Vignesh MuthuKumar,1346,833000,279628042,,,
UCneIqgxJviqGVQS2fIN-3jQ,Thamarai TV,14774,831000,589718523,,,
UC3MiyqRMvE5GZm8mqmbOQBg,Savukku Media Network,2034,826000,333046807,,,
UCJyDVpGUDhQO7hImG-Tnbbg,Gem Television,50244,809000,492287284,,,
UCF26mDbuwV8-3X4qS2nH0TA,ThaaiThamizh Official,2565,798000,265753864,,,
UC49QIX7RoqJ4Pzj8E4rUk8w,Realone Voice,4575,746000,126622060,,,
UCgZxM9BVOWr1w9Edi79Wg5w,Tamil Janam,39177,743000,475613363,,,
UCIKXBNnszCfMX8zaF8US6LA,Cineulagu ,4323,741000,1584817527,,,
UC4kvgKILc4BeO0V5_lZTk7g,Tamil Niram,7970,734000,225049343,,,
UCxRRfF6qIoYntp3zNOozonQ, Zee Tamil News,54564,728000,441793375,,,
UCa_jXolg5kg8lE58gYX9z1g,News Trends Tamil,2173,716000,89839808,,,
UCm2LP-0vMz0jFK1BKCbrfHA,Tnnews24 digital,9250,695000,472120809,,,
UC3qwTNATaS7Sf3CSTFJFnDQ,Peralai,7337,694000,310738483,,,
UCkscWUgDcYN1tSliZkLxdBg,Aadhan News,14027,691000,327490838,,,
UCZ6oq5nit5vkIVJrd_KHSrQ,The Debate,13113,680000,326407844,,,
UCbw_6KWO-RhgdqJXnEfFiog,Madhimugam TV,15596,666000,167365608,,,
UCGRuhKND1XLXmBwIVCNImdQ,Chennai Express Tv,9739,646000,224067952,,,
UCXVHADOuktm5WwlENNgfh1g,THE ROOSTER NEWS ,8592,633000,161844291,,,
UCjZ5JMrpU6fDnwuSpJRxXWA,Tamilnadu Now,3529,629000,191571958,,,
UCBN-Kg9WxabjMgw4yHLLV7g,U2 Brutus,4216,588000,267304143,,,
UCCbFaJ4IdpRnJOVMPp620cQ,AramNaadu,6787,569000,263991786,,,
UC_mw456JrB5ym6rk8l0-SPQ,NEWS TN,15049,561000,332516193,,,
UChOhF47wSUBq8Hrxh44d3Jg,Kingwoods News,5758,558000,147139024,,,
UCyLfRPZrDUd6LDBPy9hkwhA,Tamilmint,11043,553000,160050419,,,
UCNql1K5MrNsoLcbSrTH09ig,Thalapathyin Thozhargal,1792,537000,699789286,,,
UCQvcXzhYS0X-fH6PjVGEBDw,AranSei,8949,535000,240620020,,,
UCW6dxmWbJdMJAt1imZhoydA,Maalaimalar,26484,526000,184093671,,,
UCYPeVXaYsW1ZIty0ewg9KUg,Roja tamil tv,6471,511000,102287890,,,
UCEWvoyZEPVL7sV4MzwuoGXA,CHENNAI TIME,2055,510000,291151434,,,
UC9gcI3j2_p1GS-RlHtl2_wg,Reflect News Tamil,37105,494000,267765121,,,
UCeD8VG0Ch7yjAZrIqQdLkBg,TOXIC PRAVEEN,417,491000,350447408,,,
UC8W0EpaU1xK4uZkSrcHOmQA,Cheyyaru Balu Official,2664,485000,242772273,,,
UC0eOXpXwPNfvtou5nOGQe_w,Pettai Tv,2116,480000,137106726,,,
UCiM9ArU-wumy6RyRpG43aNQ,News Focus Tamil,6493,466000,134151149,,,
UCwuk_9Orfy7AnJUoJc-pzTw,Zhagaram Voice,9712,462000,126290189,,,
UCrdaqAg302_SuXhumzxDEXg,RETROLUXE,10647,455000,239392015,,,
UClkJpyZusuVbmSm4XEVTxRA,KP TROLL,1180,452000,98432771,,,
UCxhoM6jWWwMT0MorF28hOnQ,Kolahalas TV,2795,428000,167217679,,,
UC1BfsBccyQULztsWuZvs2rw,Dr Prabhu Friends,792,397000,311717775,,,
UCJE2nb_tCBZXQ_62scIp56Q,TamilWire,2874,397000,599017914,,,
UCwMS-cBrJPx9Nz612sheszg,Chris~Trendz - ?????,881,396000,406266057,,,
UC9sTkTe_VvFoUnWJ3Ln6t1w,??????? ??????? - VITHAIGAL IYAKKAM,1571,395000,49105112,,,
UCee_1TaAt1XLS_y5IbbyWmQ,Kumudam Reporter,10212,389000,134426199,,,
UCKDrAOE2rzL_utTLpEW6R2g,Sembulam,4553,388000,137553526,,,
UCQtVJ-76KjPds9evTODkq-A,The New Indian Express,13341,387000,149310020,,,
UCmwRqcBoRy9rt3c6zi_vaQA,????????? ???????? | Ellorum Nammudan,6351,375000,497633659,,,
UCtYWpwLjEakboZegaxgD7EQ,Black Pepper News,5155,375000,122010097,,,
UCxWRAeRVun91LzMG2hM14QQ,Velicham TV,24113,373000,116685127,,,
UCR_G2CSCf8blzC-hjl8CrRA,VijayFever24×7,195,370000,7663686,,,
UCsTY_yPMJWO438JgvfXZlKg,Paw Media Tamil ,3211,369000,260495641,,,
UCUTie0b4EiE4kZaJ1ythOcA,Tamilkaviswasan,2246,368000,900416288,,,
UCzwD3B633kY6U5ic1_8Tbnw,Mai Chennai360,5031,367000,78321943,,,
UCPCl2M65wrzXWuZICrPl8eQ,Udane Vizhi Thamizha,420,361000,26775583,,,
UC9H9tyz3TFM4OYWqf85OPlw,DMK: Drama Manufacturing Klan,1775,344000,9053091,,,
UCJN51JyuwzL1Npd-mEYGLHA,M Nadu News,45760,342000,243955743,,,
UC7opbUDpAinU5gUuErepzpQ,Born To Win Tamil ,3138,325000,801891382,,,
UCsWipAXDjOrnfiCGoA1zSAA,Arasiyal Sadhurangam,930,325000,86782773,,,
UCe4Xx2aBYBTncbWnmw5mg6A,Tribes,3067,323000,139358315,,,
UCR-euPpg9NIV75zxb7eqsIw,TOT Official,540,315000,38329125,,,
UCdjlFUoJxsPQNRSNNR0TTag,ARAKALAGAM TV,4840,314000,90803519,,,
UCV4qgg99LFdWN64_JJMfnUg,Reflect Voice,5161,308000,135899413,,,
UC6RlWhl54AHy9tMbYWrAOqA,MASS TAMILAN YT,266,307000,154293489,,,
UCaYXNPf-LWB545qzV6rA9wQ,Varun Talks,702,303000,37977707,,,
UCtZL_lHRg085Ixyi_M7lFRQ,Patch work 2.0,2025,294000,621313034,,,
UCSNR1Yv3IlBOfpTjvOV1Q6g,#,13838,291000,1044593588,,,
UCTdfJUfaHx-bhfq1PODI1fw,MGR TV,4541,287000,85849932,,,
UChQkxv3K80dtbeSHoSvr-YA,Naalai Namadhe,5364,280000,50881478,,,
UCgGp6sVA1mN_zWv35Iy-5Rw,Dinaseval News,4735,272000,126004350,,,
UCADafOUhUlJtHngSjUsdDfA,ANS Politics ,589,270000,409537569,,,
UC9MmjJfNaD4Q0185aQJMNAQ,M.K. STALIN,4147,266000,64027964,,,
UC8TGKaz7umhQTjNsg-FY82w,Shree TV,16605,258000,153741460,,,
UCg-bK54TriOGjnb0rjp7sew,Matru Kural,1803,255000,14362610,,,
UCWENC83C2sSspRMSNsKSXHA,Aagayam Voice,6656,251000,93108669,,,
UCtQGXoQLS4DV2q9mtnaM6vA,Dayal Here,333,240000,103588153,,,
UCeL9Q2TT9AcJCoFMDQNbKmQ,Spectrum Tamil,2285,237000,75391079,,,
UCyxrRmZtRPsexhkLFmPw7nQ,Jambavan TV,4975,237000,94312605,,,
UCJqw4rAUZXajZsu0B1J9H5A,Rubs,821,236000,435504944,,,
UCpCc4Y--vfs-zCvcQUBGugQ,TAMILCO,4402,231000,1492139190,,,
UCuqkhsJd3uGKnGK9tRts06A,ViswanadhanBalu,448,224000,117242893,,,
UCtWBMg2yuCMhqCXMx1kp0Ng,G news18,2461,217000,593758131,,,
UCxi8c_vZrwfL6qSSHnqKpfQ,Arrowroots News,3197,211000,72910244,,,
UC1mkFVHzP87YQ87PSMxo9MQ,Raj News Tamil,59192,208000,86350142,,,
UCJTXuHAlDM9d08ymLpWEvKg,Behindwoods News,23058,207000,191236196,,,
UCY0hLvZl90ALbeaUMjKlsyw,The Federal,25888,205000,116434690,,,
UCj0zA5pAkOGUcHXT8owm02A,Savukku Politics,939,203000,58795938,,,
UCUa09624QIVs7h3FuwKJbhQ,?????? ?????,4302,203000,97823873,,,
UCD0c6cJ-_mSKb4RIod1Xk7w,NEWS81 TV,5974,201000,229475369,,,
UCBvz2TSYXGfGzmaK5mQiFvA,Today Trending Tv,4926,197000,510577764,,,
UChtqUkNHN3UOBBB0li2vnMg,CommonmanvsCM,497,197000,1492559,,,
UCrHZcXtDp6KcD7rWfQCA8iQ,sollunga mamakutty,1070,196000,562452389,,,
UCLLzIuq2KgW0dAqKfQhko0A,Ketta Paiyan Sir,590,193000,50293720,,,
UCVX6Z2JvPg74yqVGsBT-syQ,Voice of Mahe,783,191000,263859727,,,
UCVJGTiMWTwLTN7LXf6MvtMA,Speak TV,10953,190000,75081785,,,
UCr-_ceIGpHMS9SeU5MgT6uw,???????? ??????? (Thamizharuvi Dharbar),1226,188000,9559551,,,
UCcYhsGhRXbs1k_Btv4Lm8JQ,Hello Kudanthai ,1855,184000,291446730,,,
UCC534b8u0drwHn9FQrL_CdQ,S - Media House,2273,183000,380655021,,,
UCsb48vgqH7T-CY56sckA3Ww,????????? ??????????? ?????,1268,175000,162134126,,,
UC3jcdpf8dWtljex9PyhSM6w,Dinamani,13396,171000,65155841,,,
UCoqEpN2uOtQ18icl_Er6TJA,IBC Pluz,5972,170000,58290587,,,
UCM6qLZeo7AhAMhW9HkAQSsQ,Bye Bye Stalin,2500,164000,8510275,,,
UCSGCRJma2ibTEZhH24aq4mQ,TN2K Topics,1185,163000,248044149,,,
UCwd1LTqe1mxmngyLgbQvjLQ,Fake Id,244,159000,16751099,,,
UCeL2C0sQCcuuI5iXPdmD8iQ,BEES CLIPS,1425,158000,119022262,,,
UC4IK1I4SFD4HlyUZrlAipmg,Theedhum News,1644,156000,94281203,,,
UC6Dnbfvqk6uceqkidXhdBDA,Black and White Tamil 360 - BWTamil360,9238,151000,59440088,,,
UCqGKJvslDK-CmUoyIJTHv-A,Nadu Viral - MIDDLE FINGER,1059,151000,47539006,,,
UCYmUbCx3q38TJo4_qN-_uAA,Kumudam News 24x7,41728,150000,87179870,,,
UCVYbSKPp72PdmD2jZE2DhDA,Naadhas,7906,149000,49272059,,,
UCaAD0UR5rBLFAqhxymgKhtw,Arivalaya Suvadugal,2651,147000,13532476,,,
UC-FwG__FDNuKWKjbmW93XRQ,Accord Voice,5020,147000,61608179,,,
UCx1d-sjtHAyPPPlr9XSUbsg,Sicp,10685,147000,38168852,,,
UCO02Vuj3n6hLWDyZC-w8vhA,Spark Media,2782,145000,92122292,,,
UCqE97_Oy3Lm342TSBgqeAoQ,????? ???????? ?????  ???????,165,145000,19080122,,,
UCBQbq0KhjHIV4hqJpoITKRQ,Infinity Plus,2045,137000,113100774,,,
UCxJjTPUuMCFlMSduQGLQ81g,Dinesh Outlook,343,135000,110528642,,,
UCM21iuBbHpUjRDmuBtoh2aw,OH Tamil,11128,134000,49988466,,,
UCfUWjCST1Y3thSBD2jkn5Eg,Roadside Ambanis,2727,133000,40007846,,,
UCkmxMHxy9rzqa7ToYvNWBRA,ROAST BROTHER'S ,1306,133000,47929913,,,
UCbNaz_twvlbk1w4NJ54Hmhg,The News Minute Tamil,731,130000,14032778,,,
UCsE-m2bJX9mS97R4Tf4Q7HQ,Red Tamil TV,4903,126000,141456526,,,
UCAlr_JdE9IFStnm3H9OdeIw,Open Talk Media,830,120000,104238305,,,
UCHzsN38dQG9iax7W6RAjQMg,Arasiyal Arasan,405,118000,12941982,,,
UCO8YENGpX4IG1uF7lAXbMcg,REACT TAMIZHA,749,118000,43674977,,,
UCpa0Im2yr3JpzsStbXUUB7g,MannatSurya07,261,117000,87173966,,,
UCjRFRhYL5jLZHBv3z6mZ61w,Gem TV Digital,11519,116000,39978284,,,
UCzhcnubuEIsDCFZ4yAIy1Nw,Tamilnadu Times | ????????? ??????,5084,114000,52821091,,,
UC_S0wYG3aXp2B_8YD8kQwng,Vijay ,2352,112000,207756063,,,
UC0iTIL5d0EMRC1ZY9HPdL7Q,DMKITwing,3308,112000,64695129,,,
UCQ_Z0SjUhPnW51sw_SxtVSA,One Click TV,255,112000,1548177,,,
UC4Ged3rOtaTHlr8mtRYMnSg,TrollTube,281,111000,10016048,,,
UCPE9uEcDKRaGq7G9yJVg91w,The Week,4054,111000,33009706,,,
UCzu6FacnXJ6wDT75UwpJKZA,Voice Of Lingesh,3569,110000,70556455,,,
UC9xrnozgZURuXHOJ-cXG1jw,Kalam Politics,608,104000,1181338,,,
UCKkd-3kZDo1pl3LrEYKmM3g,NewsNesan,905,104000,17018552,,,
UCWMQWKXGDlbwkgQ2-1Ue7Xg,#DMK4TN,1870,103000,71294783,,,
UCg3AWmBwFg8MIyNGjcUTI5A,CHATURANGA MEDIA,8689,102000,107659011,,,
UCKX9-ZBwUlWKSQLy93D7_5w,GVMC MEMES ,71,102000,23860227,,,
UCVMzsMMviQMtHomtTl8Kcvg,Anand Edits835,6106,101000,403208107,,,
UCJpKFpOmMN7e5fXvqcUTCtA,TVK Maanavan,564,100000,91221400,,,
UCT1g4web4B2kcA93CtmJl5A,Ottrancheithi,1877,100000,75887617,,,
UCCsMswwObSErqEmh3cRxHRg,Channel 5 News,8090,99000,20417211,,,
UC4b4z-1ArJkBxvgVAarLP4g,ASR Tamil,2247,97200,28538519,,,
UCx1DNF1_JzhJ1anEvoWgABg,kelvi 24x7,2055,96000,22547150,,,
UCJ9OlhbzLUldWZxGw3XFKqw,GlowUpGuideNaturally,1035,94700,193374700,,,
UCrKgAsKczJFuYLtKxfsWa0A,inandout lifestyle,3239,92800,71033726,,,
UC6iR8IIbHuvhLT6P8sMz5oA, ??? -nglish,1651,91400,83956268,,,
UC1ksy_AqyALR84hcE9GVlaQ,TnDigital 24,1667,88200,5014658,,,
UC5gvz6R6V8NpF07HcYb-jkw,Samaniyar,2928,86000,24023452,,,
UCAkpPzidZPzl8dZEeXeWqcg,Mediagrass Tamil,2610,85700,52934006,,,
UCLy-FYHY-C4k-OgNPVjSr5A,VJ BLACKY MOHAN,2154,82100,36040780,,,
UC7A4vcE53CODaNykQ7FT4Eg,Arasiyal MEDAI,2152,81300,23195552,,,
UClhCkWXkjU4luprGcsk5W1g,A.K 2K kid youtube channel,854,81200,150481532,,,
UCQfHBgLUVbAHu-9O89kSjQw,ETV Bharat Tamil Nadu,9013,79900,40581296,,,
UCSkaDR_yojMnLF3o6k_QBog,Vijay Mania,724,76900,9607032,,,
UCwauPvcJoGV98-SRQH9NeLQ,Madurai Munis Official ,2215,76600,23825198,,,
UCHMh8705rMX82feFYVLB_pg,??????,1431,76400,41763207,,,
UCAuWOBleGyUFYbRAUpmcoiw,Bingoo Box Prime,372,75600,41006596,,,
UCcL3sP9PfvAe3FXh2byrDDw,dmk_karthik_,6765,74600,62875303,,,
UCOl2emfu4PwQc605Jj-FcHw,Punnagai24X7,1955,73400,14630659,,,
UCpx95w414uXYXpVCHt-PLkQ,Filmify,2257,73100,47001296,,,
UCEjQ4HYM_zuQCdSXcG88FlA,trending cricket and cinema news,960,72800,26062773,,,
UCJyOXZ5frLWCuIDaHNlbeCw,Popular Politics,232,72000,107953996,,,
UCE6jR_ge9ecOK0sIi7kwT7g,Pattas,1174,71500,11597285,,,
UCBLpQW4Is6yVGfJ0ov-79KA,Dmk Thiruvarur,4148,71100,43398080,,,
UCaIDbyVXrrxwM_CbeZAarQg,TVK official,472,70500,86885885,,,
UCHlgDxOyyJa_VUcMLo7VZLg,Thalapathyfansclub,1177,70100,137755725,,,
UCuTTspT4fEhg7Zk_Q7lcYLw,LOOSER Creations ,724,69200,117692783,,,
UCohJVhOE8hXlg2WDW39WqCg,Realone Tamil,1155,68200,26652442,,,
UCEPCNFSA7yoGGhu54LYmAfw,?????? ???? TV,1574,67800,83657538,,,
UCxIKpM5ZooMdhPYkwaOLsBg,Tamilan Media,706,65500,24227249,,,
UClUYLGBNB9SFt9CJ1mvdjvA,Arasiyal Kalam,519,63600,23773455,,,
UCPTEwNl2h0f3eim9e_xUMig,Tamil Fleet,542,63600,66435681,,,
UCUUUeImW2tbA4IqBofBiBPg,Arasiyal News (??????? ???????),1978,61300,37249972,,,
UC1GAjOgcVGkFdm2qeHj2SHA,Nallavan Tv,957,60800,16322345,,,
UC8hJ8OtDeUMV5vxKYi0ANoA,Emirates Tamil News,2014,60400,46868620,,,
UCfS79eXA3KXB45nRdA7XzkA,Unga Vijay,442,59600,71774924,,,
UCKjqeYd4SfJB6CvNM63crqg,Talk2People,3028,59300,233332324,,,
UCTk8hXl-RTp9JFStHspm0Pg,Parthathupadithathu ,139,58700,3731064,,,
UCMX8Uj3vYX3LfyDeb3EHPLA,SR talkies,79,58100,103203975,,,
UC1NM2cNZiXmC49D2SdNwc8g,RR Tamil,1477,57400,33510680,,,
UC3pVqCRQoCjGCvhwuLI4ECQ,ValaiOli Alaivarisai,1389,55600,64295782,,,
UC-rZOJH-74rFAN_hmtDY--g,Arasiyal Palaguvom ,351,55600,48028190,,,
UChXEJAWDcN9sHu-UhaifFMw,Color Kannadi Voice,3946,55500,41945065,,,
UCBbkJIjBUE8UCtaYxmY-I0Q,Hariharan G,7188,55400,224027416,,,
UCnfDznUucXCXLvx8EoO48Wg,Thiruvizha Channel,695,53400,56875350,,,
UCIiMsRJymLdYz7WsVRKXBQg,People’s Path,663,53300,31548102,,,
UCTjhw9lQt398MMjw0mQhbfw,Naan Pollathavan,1573,53200,31258310,,,
UChSrQCFJpr764GLaICAxXNA,Sharp Tamil Media ,503,51700,27427255,,,
UC8sOE-wxzc9bh9fkTJTAE0Q,TROLLS THAMIZHA 2.0,157,49900,17738825,,,
UC-t-mXKIc8ISAt9VJhmmV0g,Thalapathy,871,49400,16478010,,,
UCR3sO3W8yiLIGyTe--lxseg,Screen TN Media,6776,49300,33683283,,,
UCdXNK3_kuXhGbxdo4V-8nyg,Trending Tamil,2010,49100,29844949,,,
UCnTkkez2SBD1bCazqABUFNQ,Sudhan Karunanithi,323,48600,20137403,,,
UCFYJDSIK-4b4EJlBRiZEiRA,Thisai News Tamil,1829,48400,41142666,,,
UCG1fnC8GIHumiNM5IAC-ejA,V Plus News,151,47400,4267727,,,
UCnbIuOluRlfOD5_ul_lTMaA,Thoothukudi S. Joel,203,47100,719833,,,
UCkWTtiQQegv_Qyr1hj7rRHQ,Retro Voice,2645,47000,25122072,,,
UCsa0EWzBM0w43I0tq0nftCg,TN Troll Media,1071,46600,15604596,,,
UCjd9w60iAiA-SN4wP-sp15A,yeenga makkale,11,46000,3226327,,,
UCXKHba238jU_O298f2Cz3SQ,CUTE DIVINE ,417,45800,29425838,,,
UCtHvzfQBNBmp9K0kS0kbp-g,umbrella,2772,45500,26505713,,,
UCrnJk01J3SRhoItGG6VIDyw,Kiruba Leakes,2572,44600,33291709,,,
UC2S-PCEHkB034IyJh8Ha7pg,7Animators,221,44400,47109989,,,
UC0GPD4Q7CyZ0NsOb1dUKchA,Tamizhian pulse,3159,44100,26086633,,,
UCy4qVgJ0_qEQIIi9ucWEl5Q,TVK ,1235,43800,23473955,,,
UCeWP2g9cf4ZPDU1EqmxgB7w,V4U 360°,769,43700,37221866,,,
UCjmeMUv50DPlxW4Mf5AhYzA,PT Trichy,693,43600,17414632,,,
UCxyjilLBTafT70QY0Gg0Xpw,Aathesh Studio,423,43600,13282111,,,
UCGWdxKP7HGYf7GI3c242glA,Reports Now,1309,43500,26337354,,,
UCjIvadExUonIhFgPxAyx_hw,MR BALA,84,43500,12916404,,,
UC8Hf16vXXVly9A_5puEh_gA,Take 1 Arasiyal,2079,42500,18848345,,,
UClc9VQFWswkj9e-nl-fSsIA,Kshathriyan Media,1168,42000,23047444,,,
UCiunl7zQECxQq-wRmeUWsGQ,Anbil to Arivalayam,1383,41700,20738751,,,
UCo1M3SvF5vKHS0RSFCxe11Q,TNVFC Official,287,40700,21341274,,,
UCypySlVipHvZpRWfs7Wm7qQ,?????????i ??ueen,629,40700,34530371,,,
UCJaZdJuF7Z-rq60kCwIXRGw,Thi Tamil,1533,40300,15175504,,,
UCSKaULjWVoIk6mEyTmsvF6w,Don couples,1536,40300,13668971,,,
UCKmKdrCX0pXnRuBZQAeHS_A,Kathir News ,4330,40100,17743126,,,
UClXSZKZGDdu1PUEf6cwRUiQ,VOICE OF EPS ,409,40000,417523,,,
UCx4wuXA1qaIzXUK6DewcyBw,TVK IT Wing VIRUDHUNAGAR West,8,39800,2793,,,
UCNJKWpXtUQAW1Bdo13Z7U8A,Vaagai Tamil,2351,39700,12714632,,,
UClf9Y2DjGVPQDeIGcfns90w,iKey Boss,1522,39500,7953254,,,
UCrTZZ5d6LbU2RtbuvtUwv1Q,POV,528,39000,23325695,,,
UCKAcI7Cz-48nbGF68YQgIcw,LEMURIA STUDIO,611,38000,21089328,,,
UCBCsdYXrAsfn_vt2akZ6F0w,RV Charanya,473,37600,8782485,,,
UCsa3swL_msYlxsPbVfvR9Hg,PETER DINESH,676,37600,158890441,,,
UCzc0Rtcb6djmQg97pimDDKw,JOURNALISM,356,37200,21241018,,,
UCrXkXUa7qwHMUs-JY0ftoiw,Malai Tamil TV,1644,36600,19062133,,,
UCZozX1aaOMiaexDyMLS7kog,AIADMK Official,1716,36200,32431230,,,
UCj9KFmqgdR6ANrXuT3otMWQ,AKBAR TVK,222,36100,31286065,,,
UC2vPZhyd_hTKGewJeVStJ4Q,Dmk Favoured TV ,2196,36000,4501993,,,
UCFcrSc70OdDU-M2Zg3pasRw,Sigappu Nada,1448,35700,2526317,,,
UCVs3RJmDrHxw2i4GQQYUEUQ,Vanakkam Salem TVK,126,35700,10498579,,,
UCYvFD7zDZgbWbkA2lxyEf0Q,Mr.MIDDLE CLASS ADVOCATE,50,35600,27660570,,,
UC5l2sUp6fQ5s8uqm7LEgZcg,??? ?????????,8378,35400,67147851,,,
UCpjWy0n2ybR9qmkOa6pB3PQ,Voice Of Kathir,19,35000,385092,,,
UCew3IuSPFG-TEIeiW7dqdOg,variety track,1582,34700,31998857,,,
UCnqCsK0UaxPHAdXPO_d4Q0Q,Mega24News,8533,34200,18665668,,,
UC1Ncn1ErPORe4Ka0dcNAfjQ,Funny shorts,447,34000,30494030,,,
UCttFaDewR9khKI2RPrl41aw,TVK Tirunelveli Media,393,32800,11909078,,,
UCyUxu-TJ9PisfWEKcsp3U_A,Padmam Public Channel (PPC),1414,32800,21268649,,,
UC3G89VGJOTwDxgzfoghraIQ,Forgot to Notice,303,32400,15816628,,,
UC-Ax_vcKfvC5Grv4kU-w0zA,5S cini mini,91,32200,57739348,,,
UCPgtr_HOIzJQy8WqmznjsJA,Label Tamil Nadu,1552,32100,30965894,,,
UCFxVko-pW3E8lwc7JLr2ACA,FNT ,1050,31900,26046321,,,
UC_c3WWcplsFGoAQkCYnNFiw,RKDTHTAMIL,1162,31800,19469388,,,
UCrF2qSkQUnxdgUGlEH3LMbw,The Mic Feast,528,31800,18550492,,,
UC9pUpzWIGt3MaIAVowmrmKg,sigappu Nada,3085,31700,28730023,,,
UCdZc-gUGWh23WOgwHx1G0ww,Tvk Mudhalvan,219,31500,34119077,,,
UCxxL-HOrCAHxyvkPajRIDpg,DMK YouthWing,687,31400,1784427,,,
UCsZ2U94cuKxd46H92IA0qfQ,One Minute Politics ,175,30900,29137867,,,
UClnc_GLWASFzbQ60eBDSnew,Cute shorts Viral,990,30800,40567345,,,
UCho1IO6RcGDOKQto42vBQcg,RAM CRITIC,963,30700,5323165,,,
UClwjFxAdxHKMk-_iIn2Rtrw,Subakshana News,614,30600,9990018,,,
UCrEHfJ6EGgdmwp7z033u4gQ,Asv Robin,749,30400,3401877,,,
UCkhSTc0Wu5ItX8PL2d4WiJA,Hariharan Santhanam ,294,30200,43793338,,,
UCu19iC4hb7peAi2dM0S6UOg,Siva The Tuber,796,29900,27323135,,,
UC2V__kHjoJsq9k2gzpSc_sg,Shalom Voice,272,29600,544773,,,
UCD4UlgBmUDbd8aD7_-qcsdg,KR3 Medias,799,29600,63582416,,,
UCR40c2F_qEw5tOtUAsK1Pjg,Hari Vlogs,930,29500,38801981,,,
UC4JniyElEGArrvVH_AjDkoQ,Oru Stonu Many Maanga,780,29400,22562643,,,
UCeqFR6nLQVqidxkeUauqnRg,Tele Vlogs,651,29300,25631304,,,
UCSl5bmCd8lLE9elYqZAFnHg,Tamilnadu Political News,383,29100,26421377,,,
UC7n9PiOvdoz-9R2QPcApfwQ,Bathiladi Bytes,155,29000,63399077,,,
UCD0bbgt4eWROzcVeEMRTt1A,erode_s_nandhu,594,29000,20192207,,,
UCEsUGXo9VD8bNr1mLPjqm-A,Rafi_Muiz Vlog,495,28900,42390248,,,
UC_o6I7IGmDx1ogTTBxYm6mA,???? ????? (Aram Tamil),1908,28700,13039303,,,
UCoq_IGAcChFR0i10MivXRHw,News today tamil - 24x7,408,28700,3689965,,,
UCQFlrKg21IWTuqFteQWwcTg,Yash Creation 23,891,28400,16210587,,,
UCURkPJVGHush5i0H-9p-W4w,????? ??????,3012,28200,12798658,,,
UCCpQnEkeao5bP_ygBNTXw9g,JasTVK,356,27800,40987548,,,
UCLKLKeH7Lu_P9dnBX2gnXUg,Ai Creator_01,312,27600,31363692,,,
UCaKcFfcKzPX5ItgQpRNSQOQ,THE RAVANAN,335,27500,50577758,,,
UCKwlfalaFM4Etsz6H95wPCw,BLUEPIX NEWS,4607,27500,14023801,,,
UCFgsDoB5dEw294HTBcyopbQ,salem ??,366,27200,14849863,,,
UCN6m848bfgU2O9pGKwpNbfA,Call me detector ,361,26900,15439982,,,
UCeow0qGTwSgitZUrIyHfJPA,Badhri,2478,26700,19102660,,,
UCB5UqekBCZnE9oj4YcX2riQ,Mohan T,716,26400,99340490,,,
UC02TRP7vksJDewqqWUmU7pg,???????,584,26000,4138333,,,
UCe5LXZJfCiL3YQhuQOTLZiA,What bro????,255,25900,56246466,,,
UCPe1z2EDiPh0sKWqMUVWlLQ,??????? ????? - Maanudam Kaakka ,454,25400,23416593,,,
UCZ0IHk3-ZaVhaM_NLPVUHKg,ZOOMTAMIL  NEWS,268,25400,171748583,,,
UCNz7ZwhuYe4ZIxbzDmQMMBQ,Anbil Mahesh Poyyamozhi,1249,24600,6516866,,,
UCGT0JBEdWoy9QWnKO91q3rA,RAMARAJ REACTION ,1094,24500,25299722,,,
UChkW-mlyyF__Bc7gGley7rA,ITRK THALAPATHY UPDATE,238,24500,42986239,,,
UCCsAOrGJ6aU0HbUSnXW5s5w,A1 Tamil Media,642,24400,914811,,,
UCNhLUfPzsLL9KDPWz_LSnqQ,MR PALAM ,242,24400,7849048,,,
UCR43hWCJ6bEFOofTpr4RSrg,VTSM SMART TV,1531,24400,7562056,,,
UCWgK0YaZ_TxHzjUGDem_Jig,Trash Up,425,24400,17646308,,,
UCZq7A-fLGqv0g-nFZ_22QEw,Epic Comments Tamil,697,24400,78830475,,,
UCIAYuRCxdXuWLFnU8unq8tg,NEEDHI ??ENGA ??,213,24200,22607246,,,
UCImeSCUBBws4DH_1PNi30uQ,Newsmate Tamil,892,23700,12258534,,,
UCa7NkmR6n-CVshkgAwjEEUQ,TVK Karimangalam,112,23500,2090236,,,
UCVZhoVp6BclfqvhOxrVb5_w,Tamil Updated News,260,23300,27812581,,,
UCFjEAt7Dq3ymJZ5xNijXZ1A,Top1Vijay,139,23000,8871892,,,
UC8WdAICSJxPWmaIAFP2fA3w,TVK VIJAY (TN75 FAMILY),1637,22600,8943929,,,
UCusExjzb7nQgCES8lzGFLMg,CVE.S CVE.R TEAM ,367,22600,21645194,,,
UCKurfAejtT3P5oYqw1fmumA,Salem Parapatti Sureshkumar,848,22400,17476149,,,
UCnJ1OuuwAkXQfk_1BN5-7IQ,Modern Tamilnadu,1186,22400,4465330,,,
UC2J8lx5GcKquDxAZNms_cBA,EPS for Tamilnadu ,636,22300,21110507,,,
UCNN_wJueNDE-fKsnxi85jxQ,DT Next,8287,21900,15257098,,,
UCVRRu3wfZVfopKkZ51IGQKw,Michealzz Shorts ,571,21600,26499168,,,
UClmoAlSTSH1njQFGNot6Ktg,Illuminati Eagle,137,21500,588754,,,
UC-WkcdZhKSP7wcBbnU4bOnw,FT Politics,1174,21500,8385474,,,
UCHXrvqJ6s6y3_0cRq4wfTMQ,Empty of life 2.0,1646,21300,9659506,,,
UCygMx8bQthhaoUzuGzyKC_w,naalum pesuvom ?????? ???????? ,703,21300,18946447,,,
UCO07imTMJoJSb8zUrrX22lQ,???????????????????? ??????? ???? ??,592,21200,9306309,,,
UC3cVmpZ7u-_V9BvGOjPRkiQ,Ponnuthaayi ????????????,827,21000,16389979,,,
UCvlb8CSPr6fuCF2oEqhA2KA,ArasiyalUnplugged,759,20600,7544534,,,
UCkbp4oWw23iAEFHH2I5F6Bw,Zaraas Views,727,20200,2647061,,,
UCyt2CiHjPngHadVCQtki3LQ,Retgan Tamil,1151,20200,16379241,,,
UCWC-EFJCKLVimh34CPnU54Q,DeeDot Vlogs,86,20100,22938059,,,
UCtJrJ95AWjzesUV3lcbImpQ,thinkpoliticztn,1594,19700,8141774,,,
UC0hMu5wB7FtsVlaEIvVMNxQ,Time Pass Space,1455,19600,8815731,,,
UCvzcuQbUu94Kzl5EHYp3ZGQ,TN Politics ,161,19300,15845621,,,
UCeNtgTAdGFCE6Vl2hZ0JNlw,strange talks,405,19200,1867151,,,
UCjKfFSP3SQgbTRow_fC8Lmg,Citi Fox Times,776,19000,9545298,,,
UCJZwOQDxUiltNtyJ1HhvuTA,Nelli Voice,774,18800,21485359,,,
UCWDgq83E7v297SY7Yi6zzpA,En Nenjil kudierukum ,819,18800,16847215,,,
UCo4u7o0f5AAhzx9Vb3P5Rmw,TNTalks24,903,18500,16821262,,,
UCAIwVzIdceJ_TMu1bVDSSDA,Madurai bro,1004,18300,18260396,,,
UCOKhmfZ5ni5wyhzocZ_E1rw,Lens TV,1541,18300,5085291,,,
UCKJ6mcRlyvM6OR1Aqgy7-3A,Number One Thalapathy,159,18200,13636680,,,
UCqXR4grw_oPqlF6csRNvhtQ,Mom with Sabarish,125,18100,14400057,,,
UCVWJmrMW1cyy0t3U0l0ql6Q,Seithikalanjiyam,2789,17800,7646190,,,
UCWWI8Gz30LPZo7NPDc5Ld4w,Taj Fashion,198,17800,61911580,,,
UC8xAuPf8fghf9A1u6KwmwWw,TVK Power House Tamil • 5m views • 2 hours ago •..,409,17100,4713442,,,
UCGsbFopT9cN7LTjILxccFAw,TN TALKS,666,17100,4715021,,,
UCM_AAS9uE3emPNn0xxWxy9w,Know Your Neta,365,17100,49808369,,,
UC6IF4cZDBEH2gPHxJXHNgDQ,therajreactss,142,16900,14932445,,,
UCE6JO-sonBN1ctnwEJrqJrw,M.Sankar Guru ,331,16800,2089778,,,
UCEqx_nee5Why2_QipWgYtZA,Chennai Talkies,1205,16500,2456334,,,
UCn-fKt4R7nIel095M5Nwx_w,TVK ZONAL IT WING ,624,16500,7901077,,,
UCH8tE7SSwA-ffFcf1mCPtXw,10 Paisa,50,16300,3988596,,,
UCvnwnwdBcM8I6kjbmHNVC5Q,Desiya Paarvai,3524,16200,4583458,,,
UCNyjDFCLmilWcm_UYwiYk9g,A to Z Feed,349,16100,25796067,,,
UCq5JSaJFvN6C1Woi3kxdUAA,Amsath Media,193,16000,1878308,,,
UCLho-x4MRrYXfRc5v8uWF8Q,Anbil Mahesh Forever,661,15900,10973235,,,
UCLFM1Vlix-kC58-05Kv0vnQ,ADMK IT Wing Vallam Vadakku ,474,15800,17339027,,,
UCUPKZMTwO30UN2pLHGUkaKg,Ask Tamil Info,212,15600,19746969,,,
UC5IY0faDv_Yd28Qx8a7GuoQ,Rubath,147,15000,664688,,,
UC1aTDH8kS61Ve1cZWSH5qCw,tvk Gokul Nithish,266,14900,12101393,,,
UCv4uLb31yQp6oJ1ufMmnIWA,OFC-TVK-OUT OF CONTROL ,232,14700,25608246,,,
UCxdurCpPbsvoMaHbn4bJA1Q,Cult of Tn,392,14700,28953477,,,
UCG026afBRq-l0W37mz0rARw,PATTALI_PM,735,14500,17967281,,,
UChMnLEM_N2f36S4YTkLw7Pw,?????? ?????? @ 4777,2193,14500,7568214,,,
UC_4mATN2db9q6skxrgRcmug,????? ?????? ????? ,143,14400,1976085,,,
UC4Y7qLBas_NdQNfbJ5lSOHQ,Soudhaamini YouTube channel,1481,14400,2343332,,,
UCXTkvhGI-lMdRFc1LoJ_NhQ,Sarath Kshatriyas,336,14300,8857451,,,
UC3zm8ac2rL0rLlJzvE8xrLQ,TVK WILL GROWING ,328,14200,20824226,,,
UCBjMtwgd1U8vedkGDJLtEWQ,Mannan Media,311,14200,12187881,,,
UCrOG6yZnV4Km3RoOeU6_N-g,nijanthan talks,178,13900,1842958,,,
UCZZCh6dcp2JM5DLxfB_h_Qw,DMSTalks,518,13500,10961567,,,
UCKpWvhlyJSm8j9PxRT1qy3w,Seriyana Comedy,182,13300,12891364,,,
UCWh0yAvO8yu8lwsQjSutikQ,ARSH MEDIA,442,13300,1716050,,,
UCc4TXRRMZINPcRyuv8Nyg5w,TVK Virtual Warrior,293,13100,9051500,,,
UCuEozD9x3ARDk2nrV169hyA,Arasiyal Aattam,887,12800,6161157,,,
UC32qmRqGDwl-sVKTEabK3Aw,????? ???????? ????? - ?????? ??????? ???????? ,56,12600,4477347,,,
UCYNjlrVFt3T5A7MdaB6f0sQ,Musa Ahmed Sk,107,12600,3954984,,,
UCmMsKAM_iVTNCHLWb61fkng,Tamilan Editing,149,12300,3048410,,,
UC-nol1I5oL1uh_OXx58NgDQ,EPS Enum Naan,136,12300,2073213,,,
UC1GqjaF_KkpjnEmfUMiUl-Q,Allavai Thadupom News,2567,12200,5707860,,,
UCHbQcuBf_nhJUsLVqQTrbaw,?????????????? ????????????????,344,12100,12333047,,,
UCKRvUBa-ln88tAeFQINo7bA,Vetri Vaagai,305,12100,1158874,,,
UCJG-XT7XVsd2xWT6ktl9V7w,Let's Talk Politics,585,11800,4029840,,,
UCOYVs4MFfPvO-ZfCVzmtunw,Guhan talks,335,11300,5487795,,,
UCNCCmiz6ahwpEuYzzKXP6oQ,Thamizhagathin Vetri Kural,483,11100,4379111,,,
UCQ5w_662pe5OnfPzaVTpveA,kalangarai vilakkam,1122,11000,17568867,,,
UC4bS28c5TQlQ0OkWEq3Jwyw,DMK fails,271,10900,6657453,,,
UCetvBVx-dVwnIRdbSoC8GPA,Tamil Hint,118,10200,1642478,,,
UCh6F0HdNzrPb885-S6oO6cw,Oneday Squad,674,10000,2132082,,,
UCl-4qB9RtmfaygyNsOastEQ,TVK_virtual_warrior007,10,9880,1922134,,,
UClgQytrWMQ6a3Bx5P7yvcMg,Vijay kingdom ,128,9780,8469564,,,
UCRVDyqgAc9h_MSEMbXK-NGg,Aajiraa akram ,1229,9710,6302256,,,
UCZF4Jb5UwLNwq9hXjI776nQ,TVK_TN_VJ,243,9700,14636456,,,
UC0ew1ANHNnOUbzJ5G-TmHkQ,??? ???? ??? ?????? ,170,9640,10316535,,,
UC2U9U5O2D3BLBW0nfe6z-sw,Madras Popcorn,598,9460,11655261,,,
UCqY7nIraEgBb3en-uK02NYg,Tvk Erode Jayaram,277,9420,9692457,,,
UCMDq2j7LXunvbOHrL2cGEOA,Udhayanidhi Stalin,622,9300,641006,,,
UCbIrdBc2Bir_xTJwMSNHsnw,TVK IT_WING,158,9210,1868830,,,
UCUhutIKIAM53hUMEScmiW_g,Thalaivar_EPS,1239,8680,8073806,,,
UCRC3CMmQUOvYW91tHsEih6A,News Box Tamil,516,8530,3386686,,,
UC759PWTON9bqUuNcpvxdeBQ,TVK VIRTUAL WARRIORS ????,179,7910,2927171,,,
UC_roCpVHNw7mQCT55zS-ZmA,BALAJI BALA KAVERIPATTINAM,439,7880,4929474,,,
UCbxod40SM6Pk3FO22OFZlqw,TN NEED FOR TVK,232,7600,2972482,,,
UCDf-Ce7RRY35RhcvjN6YI7w,TL PURAM KARTHI ,215,7510,6119510,,,
UCUH1hbgXBBytWs63_bs9TVw,NTK FORCE TN,415,7410,9728180,,,
UCgnXZDM1BEA9eMgdHXbZGnw,TVKwarriors ,369,7390,8057825,,,
UCcz93xGlQLXhg7a5xn8khQQ,TVK Comrades,173,7260,555742,,,
UCC_881bThUdK__UzF5vOdLQ,EPS24X7 ,1070,6710,1860730,,,
UC_mjciXjqfPrqBM0bon2Qvg,????????-?????,592,6630,4142830,,,
UCLnuDRHNzRM0p_pbbSv3yOQ,SS News Digital,3088,6550,5288726,,,
UCIv8MlNe3cPO89VibEI-BZw,TVKarasiyal2025,251,6490,4760149,,,
UCTsRkot__MizQt6W_tYk8zQ,TVK LOGU,208,6470,8070952,,,
UCHBYcvHQjkmfOgqmAEyun-g,Bjp Kanchi District,897,6180,3037260,,,
UC1x4VqOaLtEvpOiQ2ryAZ5A,????????_??????????,282,6140,4114485,,,
UCtWhUKdKd9sSCaR--nHH1GQ,Daily Mix,66,5820,1838120,,,
UCRfgSQ8EB6MqZmYgLMAcOAA,Gopi N,64,5610,1527597,,,
UCANg9IMu1q8UwWAMCEHBpfw,Tvk Vellore,451,5530,1510637,,,
UCjvF-Eg9jkiW2HMPhNMryqQ,Yean Shorts,147,5360,4472475,,,
UCBh6W9gtAuXeHdjfSIzO9Jg,TVK ?????????,75,5320,4691398,,,
UCrZ6MjTt0_zdZ13oVBoR8XA,Shimi'sChannel2M,377,5290,9027131,,,
UCPM03mrEiO5xEMl2ozc9SqA,News Plus Media,638,4950,5833030,,,
UCLCMNz-whJHST1bbebE0eNA,???????? ?????? ?????,144,4880,309622,,,
UCTtkGM_hMv5AK_eGERboDwg,CRAJENDRAN OFFICIAL ,378,4820,2064618,,,
UCpvyTrDFvgOaXwc9iCFSapA,Nirmala Periyaswamy,84,4780,3852189,,,
UCCVML4s-yWXXhuMhs4yu-8Q,Rakeshraj_artist_,262,4550,940718,,,
UCv1gH5gl4KKCV2e1R7lZ5mg,Vijay TVK ???? 1M subscribe all Vijay friend,41,4420,2665166,,,
UCTcX4dfHzOoUpCykOEHtckA,CTR Nirmal Kumar,114,4410,820862,,,
UChFUvBriZRb8nFfJnLzO-Wg,Tamilaga Vettri Kazhagam ,187,4310,2652145,,,
UCN_6GpfsLQcNJsm-u_ubqag,SakthiKavi official,469,4070,801055,,,
UC2ioEuUZfxucb0TMmlcl1dg,Vijay ????? ,151,4060,2383046,,,
UCL7X3PdBHxT1LcenVk-sj3A,True Talk???,179,3980,5080258,,,
UC8PUcbrmFaWQFnrCsGGP-Fg,Tharamangalam TVK IT WING,95,3960,3651204,,,
UCbPNrVSxl7qNiQWMMT-50kg,TARUN????,61,3780,647464,,,
UCzY8mr3Y_HUFo9AY_JXVU8w,TVK_MSJK,8,3770,42887,,,
UCZglBLFkOqaGfyulho8MpYA,Cinema News 4.0,1065,3430,3121350,,,
UCvpam_XCaDiRBIoNMMCwfHg,Jananii Sathishkumar Prabakaran,256,3410,3780594,,,
UCJ3Kls5ckwn6SWAm19XUsSg,BODI_TVK,155,3310,2458556,,,
UCHwwEPIeiLj8_02mgpTNT6A,KNR MUSTHAQ OFFICIAL ,1010,3120,1110118,,,
UCBsugCehSixwcJuCTy5d0NA,CHOZHA NEWS,390,3070,2741751,,,
UCvQHG9nrtoHrrZw4_iRxzEQ,TVK Abarna,113,3060,883103,,,
UC7kDJkAokPCHSc_IoskdGlA,????????? ?????????? Avadathur Tamilvanan,196,3020,891499,,,
UCbcvrQPtiwbltlIeLGdxRig,Thalapathy vijay tvk,27,3020,3324736,,,
UC4s6LINkvrXSxV8ZydCgCHw,ANBARASU VALAVANIR,879,3000,1445195,,,
UCY8A2dZ2KCuAi6P5YbwkRYQ,TVK Allan Raj,218,2950,2349460,,,
UCLITeM316Ryz1lrdJQOjdCg,ADMK 360,1648,2780,4282622,,,
UCVDKhMV4kU8TYloLyqpaNWA,TVK AS.Vignesh,324,2670,1139718,,,
UCmA3zxL1qzNpi0Wc00_tZjw,Pakket Videos,1194,2650,756166,,,
UClfcgIt7N2IwyHuCuKFQGmQ,IS media ,706,2640,1294353,,,
UCwVe-JgAo7S0ku2iUyCQgUA,TVK KARUR OFFICIAL ,56,2630,371514,,,
UCB5bPt7p1nyTF6jF_N3gwGg,Karthikeyan ????,583,2560,1576519,,,
UCXQQkoTp8iOFqWmTfNlbigQ,?? ???????????????????? ???????? ???????????????????? ??,80,2500,3058439,,,
UCRkAVKYE07NIIuhD7MWS9Vw,Paramaguru Kandasamy,2074,2490,576761,,,
UC-NU_CTFNc7UJCodIH0sT0w,SHARAVANAN C P,965,2460,1466409,,,
UCeApiEcEiXZm3v2Z37fbj9w,TVK SALEM ,156,2450,2198370,,,
UC6HbnbRDJuj7roPvocrktDA,TVK-TUTY-Official,76,2440,2012958,,,
UCIgBNapNN3PntActZPApF3Q,The Beast from the South,500,2440,2038855,,,
UClwo6b-cUdbk84VFoxFOUFA,TVKfanspage,108,2440,1764406,,,
UCcl5B2CBcLyAida7FzjZepg,Reporter Mani,576,2420,2540919,,,
UCvdUyuazJolZa762n9__xjg,????? ?????,196,2420,335811,,,
UCaj7kFvqxquAUn3GC5R8Rnw, TVK THIRUKOVILUR,528,2410,1035535,,,
UCIh3VXajgO3nCKgrxiozoQg,Star KaThiR Tv (Kumari),564,2340,351349,,,
UC3Q-puXKzBlF8m0oH2mzXxQ,SVM Updates,1341,2320,992064,,,
UC8jomx-I-ytw55r4T9l594w,????? ???????? ????? ??????????? ?????? ???????,229,2300,1675192,,,
UC0OLVWFEQjb2QcXm73vzgXA,@???????????235,831,2260,1486191,,,
UCXKDio38BwDNxWScBe0IZwQ,Royal Tirupattur,301,2240,410458,,,
UCEqT3ThifarN4dFZfd6WfmQ,Ecr Ansari bhai TVK ,93,2180,941007,,,
UCfgS9rHTpCYcAIimQUxFnnQ,Jet Media,250,2120,270814,,,
UCndSQPpN9WLd-A1LyG4hDYA,SS,803,2020,1910249,,,
UCNmUksjo1V6OoDOG6i6ApOQ,TVK Vijay Official ,528,2010,1211181,,,
UCC4tv1FJ60C_qVmjCBlRemw,Vijay ,139,2000,1174810,,,
UCw-74Sz5FFwujKh5KelgvhA,????? ???????????? ?????????? -GK,21,2000,193862,,,
UC_hUmV-AQTJ7S_ZhCeFoOgg,Erode Vlogs,126,1970,921863,,,
UCD-kNW3TrL8OdGvASfQ-XiA,mytubetamil,107,1950,1482227,,,
UCHY7_mBR1X54bZDTdKCT8tg,TRENDING TODAY,74,1940,1688538,,,
UC53HtqqnhD0vYh_-ZhwTEIg,tvk_nallathur,49,1920,682368,,,
UCwgX3aBTCJI-cnxB-8O57pw,sk covai gamer,500,1910,1901155,,,
UCqphvFoxiVhO0IhxYuGk8MA,VANNAM TAMIZH,370,1900,2124949,,,
UCriwId8deRUO96uo20BsrSA,Thalapathy_favourites??,188,1820,1385469,,,
UCd93Htjgci63rDzC0FoPcfw,Your Voice,15,1800,53771,,,
UCiBwlqB7X9qls9gRhHZCLcQ, ???????? 145??? ???? Virtual warrior's ,385,1800,1120635,,,
UC4Xp2rHIOv0ojR-9A-kyx8g,G.V.Udhayakumar,33,1760,929573,,,
UChA8Qwwut8BB6XjkY-3BHdg,sk kgf,90,1730,936069,,,
UC-jZl-G7hdn_6i6M7vlap2Q,??????_karthi ,554,1710,451087,,,
UC2qOJMXpndQXHa-aqroEVVQ,Kambath Vincent ,1216,1670,773335,,,
UCSH0yO7uBqkFxoDhyaXjRkw,TVK VIJAY THIYAGU,579,1660,1134362,,,
UC2SVNMfpEGjhkdxRSCBc1Ig,DMK  Trichy  ,573,1640,787809,,,
UC5QM1i3qSe48bbC_-_q_MKA,Peter Decodes ,219,1520,515284,,,
UCSIOl0SN4ohTI-seNUlyWfA,Tvk For TN,51,1510,328318,,,
UCP3hE82Z2RhOlhGuQkktaRA,TVK_ KALLAKURICHI_1M,81,1500,1066466,,,
UCxC0UE4qqqRxAbBZpsXSH8w,TVK Politicalforce,25,1480,1059899,,,
UCQGBDyS7BURnWB50ov0Halg,vijay (TN 2026) Virtual Warrior TVK ????,300,1470,1013194,,,
UC2a3zVB2mQpu5y550aDUgsQ,?? VIJAYAKUMAR@DMKYW,254,1400,641683,,,
UCJaMO5PyhyPy3t4APWPO1LQ,Voice of Riya,55,1400,497294,,,
UCdOxQIYJeTvq4aB3kjb4ASA,THANVEER_TVK,38,1370,737282,,,
UCdcYIXwF66mM8JrxBI2A7uA,DINDIGUL GAMING,10,1330,15875,,,
UCOv4XwJ4ChgXWuXHVAR06Qg,TVK Family,54,1330,569417,,,
UCg1o-bQCP2uYRip4Gx8voiw,TVK-VJ-TN,547,1280,822700,,,
UCZXWGlJOz1ndhDVghLZ0kaw,MSP.RAJAN.TVK??KING'S.?????,116,1280,504893,,,
UCOLoT-PnzRPK5me0BKzi-7A,Kovilambakkam Karthik,385,1270,598249,,,
UCYx3-sxxjN4WtZFN0c1f2sg,Red And Black ,138,1250,1017287,,,
UC4IC2wIgUR-hlNqTD4F79fg,Coimbatore Talkies,78,1210,370994,,,
UCzQXJIoPDVsVTARqpkEs6iA,VIJAY_TN_GAME_CHANGER,33,1210,582092,,,
UCLh8UdTKeZsfqi7lb-qfuZA,sukrivdharmesh,263,1110,570934,,,
UCPdyJSE0CC2PpRJzp0Gq-_g,?????????,36,1110,1904612,,,
UCaiqSJeqVa5GiqNrH9NhdAg,Tvk For Tvm,89,1070,428977,,,
UCkhmm7pClQ4NEuEynXPSQZw,TVK for TAMILNADU ,172,1010,885485,,,
UCFLHVqIaDVCE8OpHvOT4peg,?????????? ?????????? ?????? ?????,103,964,430797,,,
UC2wKQllW9g0ihfxw6sJ_rfA,Tamil Time Pass,64,962,1269828,,,
UCb_D7-YAFWuKJKy1qHUjJKg,tvk_chennai_1m,72,958,1138913,,,
UCvcGqCsq0kJtgx3ary4pDFA,TVK,52,916,200585,,,
UCTpzPYDa8AOZ4R6llWNUoDw,TVK Kovai Maanagar Maavattam,92,914,371401,,,
UCJxlLfv355R_0zdye00Gqkg,?????????? ,202,894,2584520,,,
UCLowSi77BR5bkTSsM_9stuQ,TVK RIYAZ PBT????,86,890,285854,,,
UCsBUGRFOD3P2EtMkI330o0Q,?????? ??? ????????? ???,212,889,760087,,,
UCJHAR2kIl0TLLmcrM6kBe4Q,SOLAAI RAAMKUMAR  K MBA ??,376,883,328539,,,
UCf2CkByAUOSBkr3EHTQ9gVA,POLLACHI V JAYARAMAN,499,874,211651,,,
UC2-cSpcT8gV2pfC_tfec0PQ,Dilip Pandiyan Official,131,858,283572,,,
UCboKow5qA4RXGd-EeGFEksA,Tamil Vijai  ????,131,843,417406,,,
UCzmcxqlZbs4lwgSD-yTscNA,TVK WORLD,287,840,467815,,,
UCMaiaQKXv7e4su-FCVDw1bQ,Dinakuralmedia,347,829,437553,,,
UCMm-Ju4VgLwAElUy6Rdfznw,BJP Brokers,155,822,821242,,,
UC1a_mCpfNKkiUG9NqEkcaXA,srini vasan,244,805,514928,,,
UCQCp2I7EFvwAntb_e_am4mw,Viralimalai Manikandan,48,796,129541,,,
UCMQwJ1U7J__GpHvddKIIUhQ,Udhaya Nithi,241,786,155767,,,
UC_FJn5wscqzyZwNc3CvBGpA,RRD  family  ,529,777,569021,,,
UCgtat8MI75GMz2BvPLe0Uvg,????? ???????? ????? ,131,769,243955,,,
UCl9qB9oq2q75rujuHflKKvg,Qwer picture ,66,746,125449,,,
UCt8jaN-cLc5MnCa7gwTXTTA,Wave of Edappadiyar,396,732,524197,,,
UCqrpD-dhW9C82fdk7NJexYQ,Simran-TVK- 2026 CM thalapthy vijay,172,713,412327,,,
UC40EwXb6PlXzzcmH2nSxVaA,Vanakkam Trichy,96,712,294685,,,
UCkte3lQzHbzkoIMkCKi6E3g,KatharBathcha muthuramaligam ,371,705,939144,,,
UCq861DOe7tI8_hdVI5ej4Eg,?????? ??????????? ,115,669,229784,,,
UC0tU8CSgpbAVte0MiERdb8w,tamilaga vetri kalagam dharmapuri ,62,644,217345,,,
UC1xuDCZBI7U-POZpCrmGlBw,????? ???????? ????? ,120,628,50217,,,
UCjg5oQ__Pu4TpDs8rQ515nA,DMK4TN,117,628,49203,,,
UCnnnsUmnE-9eou5pd2q_ECA,God PAIN ,46,626,190385,,,
UCVbR999FDBHucVKC2CWnYEA,voice of Dmk4TN,212,617,101440,,,
UCKE0RE9Vn1m7KWcBtxrFWEw,Thalapathy fan girl,140,607,488143,,,
UCfSEaYKZhb5RhoJbmUiyAhw,Edappadi K Kumaravel,269,578,224887,,,
UCUkKaeDbmOczXnJpve9pY8Q,Visions x media,39,556,27025,,,
UCfSlfs0qFq0v2LjLOjkd9vg,AK MEDIAWORKS,51,555,342533,,,
UCq3-bV3X1szpwhFooI-PJDA,TVKNAMBATHALAPATHI ,75,551,243506,,,
UCYgxiKKqWLAd4DkSUKHkGpQ,shansun times,47,550,584980,,,
UC9qA_WkfGDEBtiSJ__S-Uxg,LIFE OF ABU,113,543,178917,,,
UCOHhn2TA04a9QuQ1uCF_96Q,Fact Talk ??????? ????? ????????,550,537,284136,,,
UCIYsNbIJ-F5cgp_tMM5gjkg,T2TNews ,1514,534,451703,,,
UC4Azf7A0JkyZbc4N-MRu79w,Fun4Ever,235,533,388184,,,
UCK6T55L8UzR6SqCR-vjQSww,Akash Chandrguru(????? ??????????),134,533,184540,,,
UCwSuBzj1rIGMx5IZ6n8A6mQ,THALAPATHY VETRI KAZHAGAM ,85,531,281169,,,
UCoY8Lo_LRLKS2DjwDeZ84xQ,????? ?????? ????? ????????? ??? ?????? ??? ,14,485,207276,,,
UCYxRXBGp0XFX2tAo83F073g,MRN TV,93,475,102525,,,
UCKDNzSk2f2CfY0A2bz0tIbQ,TVK VIJAY ,18,455,411810,,,
UCe2Dx91iYfv2Pk5vk0-zB8Q,Maalu,152,454,344464,,,
UCowZuXzoUkKr9n8cforvxXQ,Tnneedstalin,63,448,835739,,,
UCv5xeWO-yYolGLLWVtebDdg,K.Santhosh DMK,80,445,130344,,,
UC-bfyg03nFrHt3XlCl6OXVg,???????????????,320,444,101409,,,
UCA4MEgJND40NRom5EPWKRBg,POLITICAL LEADER TRICHY,173,402,159879,,,
UCvPmHnybl3avSpSz8_-lvZw,Arasu Pothi,45,396,170142,,,
UCzsxsVaEt9vGxJ22qDYLGIA,?????????????? C,561,395,134271,,,
UC4sD9BPWrKP-60h90QF63dg,Arumugam P,1052,393,122012,,,
UC5rO5kPAXDnuGVJqRLrFTtA,Kallai_Kingdom,88,392,859389,,,
UCfqGgLO9mBBlBWEKmf1v4TQ,SR RAKIB official 21,19,383,123463,,,
UC2FnG0IIeOlmb5O5-SxWyOA,Team Admk,104,381,2471447,,,
UC4qa1fYcsXadrDhVXVYezUw,K.K.Sakthivel BE MBA,303,374,106647,,,
UCnirOGJ_ilNDZfa1IqswtIg,T Surendar,166,374,378687,,,
UCMnk2VcPcC-ztuqIq1wCrkQ,TVK_COIMBATORE,56,356,201179,,,
UCUnWU3znl1H2EL3s7zxpwQA,TVKTHIRUPORUR,59,352,171967,,,
UCOh9axncsU2Q5iGsSNbCwUw,???????? ?????????,219,340,214560,,,
UC5xMe4e-lASxnbKiS7fIwdA,MD,723,337,270831,,,
UCrkiOA74hy-CeB9NFzTft4w,TVK_Dr.V.Kannadhasan,132,334,232836,,,
UCg6hLU8kRsLCf-8aREJpCww,::DMK STATUS VIDEO PURULIA::,303,331,117636,,,
UCyQElBMhl14nQccp8nrbOWw,senthil vlogs 2k,32,330,71463,,,
UCUbomk5oIZ2DuvzoNSjdlWQ,TVK FAN CLUB,18,328,10144,,,
UCcDOA_c2UbQK6fb_vJ0u4IA,aiadmkfan,177,323,514674,,,
UCGmYoJw2p_wRsmuD8YFFHJQ,Thalapathivijayeditz,38,318,2619,,,
UCuNZ2N4TdM_8bAJBwX5Eb0Q,LOCAL SRIXZ,3,314,11212,,,
UC_cA2ZWtc7MI8LcN9RN9W1w,Dr.Aritharan TVK ,58,305,108574,,,
UC5Yngn-bfUgLVt57CVxJirQ,Fun Networrk,87,303,31876,,,
UCKSB1jc3sFYU-8f5nJ0KkQA,karthick TVK,71,301,196787,,,
UC_axLMTGjd05kZ1mfVOrTmQ,Tvk_Womanitwing,162,292,115548,,,
UClfDHfj9uZagYSXXiugvqUg,TVK for TN ,54,271,59389,,,
UCZI7w8imEKDE8s-xIwFTaXA,JayaramPonnudurai ,51,268,110454,,,
UCqeOsjKaAiJg0Zaw5hj2B-Q,Tvk for Kmk,60,266,83384,,,
UCQULqwtlO_n3Rm9ED07LoWg,Tamil Info Hub,213,263,228035,,,
UCAVccS3zG27pEEY3x7E58-w,TAMILAGA VETRIKKALGAM,47,262,120751,,,
UCI91NiDMwX06AS9MxzbjR7A,P.V. Manikandan,195,259,172539,,,
UC-llwkSfDigOKPR_XiRY55g,DMK,7,254,158344,,,
UCjS_B_1vltFe4EzvFMJNNWw,Team Dmk,100,246,1199443,,,
UCg1KymQg5OyijANYUx5rCfw,Dravidian Model,51,232,291398,,,
UCjOyj84yybCh7GW0oVzGm9A,Peravurani Aravind ,191,229,68518,,,
UCRBQSSQrdBYFWu2FuqHKDIw,TvkCglNorth_West_ItWing,340,229,100175,,,
UCmPOgdVBzKFRnJKN74A8XpA,???? ????,77,228,165944,,,
UCaf1INXx1m15sYrdHRxjYfw,DHANASEKARAN ELANGOVAN,19,218,24720,,,
UCwQ8x-wGdBucNG3XRGqaDVw,Pazhanimalai Selvan,376,205,57171,,,
UCv-RxOXj0qDVB2S8yKmW2xA,ThalapathyVijay,6,197,10136,,,
UCMybblHV-CL1-T9CqiCvMDA,Orae Thalaivan Dindigul,222,193,18972,,,
UCnm22v0IiUPWDwL4vK-kozw,TVK RAMAPURAM OFFICIAL ,37,192,51619,,,
UCsAr3Or-HoOWtJv9ze2P-IA,Mr_Krish_Official,57,189,196078,,,
UCzSARs_S_lFScHAOlfHdgtQ,Dravidian Rise,394,187,107961,,,
UC5NqHSqjUO2F1eU_QQNOutg,Matha andavar,155,185,74499,,,
UCMC9E-X7T20dOZCL-GUr8wA,Tn viral starry ,35,180,90078,,,
UCNMyCHRuiFzKPkNoB4bXEnw,The Semmozhi,98,177,82479,,,
UC52FwpKO1a4BQNhg_S7oPSQ,TVK VIJAY,16,174,88737,,,
UC-63n6U3oPndQsRskeTZ9rA,Tvk sozhavaram,77,174,128301,,,
UC7OjO8Bkf4tV850YqPiZYBw,TVK Updates,46,170,51242,,,
UCW8TNbnDVFLucYhjJplh23A,ADMK DHIVAGAR,47,165,24603,,,
UCFYeCOdsDq4uKuqdYWhDEIA,Lingesh J,670,164,146062,,,
UCbWW_0cxk0NlveY_YJq36AQ,Balaji TN,785,157,72439,,,
UCjKPZVXBh5cTRKQlQ7_QHmw,Namba Vijay Official,19,157,55156,,,
UCVSi_aEWptXAnmLfip5aZiA,??????????? ???????,35,156,74865,,,
UCjTlckCy0R_9v6Q2OJGsLZg,#TvkforTn ,119,155,160259,,,
UCprk9uyyzMqvnzw6wAPw_jA,ATTUR TVK,45,151,51926,,,
UCbK3y1nYYXJgU25AssR1Pug,Orae Thalaivan Karur,152,150,3714,,,
UCT0Uqw5JdLyBI_njTyyf6zg,CUDDALORE TVK EAST,14,149,93348,,,
UCU8fqIyMR_zyfTHar-1RVqg,Our Vetri Path - Pallipattu west Tvk ,36,149,58324,,,
UC7f6yaHvqDkzRoXnFW5SiyA,Kumar 0025 ,119,148,51839,,,
UCpTBY9_Ynbd9Yw5U3razqIg,???????? ??? ??????? ???????,144,143,63755,,,
UC7Q8jFUBQpMsQeA-jkQvI0Q,B V Ramana,84,134,131377,,,
UCO1K1t4Db1vQkO1aDPjFK1w,Orea Thalaivan Tirupur,132,123,29227,,,
UCnafFobAwqtEX9FpyX222SA,TVK Family ,31,121,22534,,,
UCFtGPdahtRMYMS3snW-1MZw,soundar????,267,116,57242,,,
UCLs0pdvpkDXW6SCkQgSJuOw,Star Babu Tvk,61,115,89346,,,
UCUDbdDDYcDAUkooVaPBPUNg,??.??.? ???????,166,114,53543,,,
UCQhYML_y5MaDjd6PZJ5hyng,Irattai ilai TV,134,112,43412,,,
UCkKB07ZZbj1fa8nMcC8AgjA,tvkfortn21,35,108,32140,,,
UCdi2rpg00OkbAD1QoIJQbpQ,"Manavai S Selvaraj AHMA,BA..,",299,103,66766,,,
UCXNXnzZDue2yGHNjOZFHOeA,phoenix meem ,131,96,56345,,,
UC2ChrDALInmFNXcxX-LWjyg,Ranjith Kumar D,21,94,9848,,,
UCKs8VKwBp6P8lokTUOg4fPA,TVK CBE 35th Ward,16,91,18209,,,
UC1aSzvxsDMjNVGy4DJDOECA,BLACK RED GIANT,228,89,16614,,,
UCbwg6is7qXUgwNUGkHh732Q,Dinesh kandhaswamy,127,89,95106,,,
UCOrE9gnfLZdYhA0kxUBfGRA,A.VENKATESAN AIADMK IT WING,105,88,10855,,,
UC-dEn0G328nkyLwFbCiGKJQ,Gopi P.V.,188,86,33388,,,
UCyAud1qB8cR_i1OKpfdaMwQ,udanpirapu,14,86,3875,,,
UCOY_yVgkPqfYrAKfIbeRNFg,Gokula krishnandmk    ????? ??????????? ??? ,303,84,46175,,,
UCkyEFPKAtFZSHr5wE4Ax6hg,Tamilagaa_vetrii_kalagam ,8,83,2125,,,
UCmJAVx5ucV57D7GWlkLIaRA,VoteVoice,36,82,55683,,,
UCKsGBmhrPXP4mWXKlCoXWrQ,KRISHNAGIRI EAST TVKITWING ,24,79,20720,,,
UCujmZV_Qq8GbOxMyTpNetAg,Hanna Trends,21,79,15199,,,
UCiF1qMtup0VXAKq0afZvVCg,PKR ,40,76,85608,,,
UC5eZ6xb4JMbsEIu0_wS3w-Q,EPS 360,542,73,54762,,,
UCyRBK3bY15N5cA5f_K5IMoA,DMK Oddanchatram,61,72,91534,,,
UCXzyo42B8HN83kujOH9oeyQ,Niyas Niya,78,70,77034,,,
UCyrzGPNqXWSSBrhAt3LXBdw,??? ???? ????? ,332,70,59030,,,
UCBKnR6_0cPUQYpskYu6w31g,VOICE_OF_ARUNAI,64,65,24693,,,
UCuYHxQ1v8E_PKn6Lfa395oQ,TVK Viral,25,65,43177,,,
UCxDf6OBAOweWv-VvOKU_bfQ,tamil  fun channel ,6,64,278,,,
UCZ81k6Qff9iuw2be2uq81ig,Tiruvallur DMK,175,64,46956,,,
UCDguZoUc4lnwV9T2KUolEHA,SKB INFO,30,63,6981,,,
UCJNHGAZHFVN8AA6EbBII4Sg,shiddu cpp3.0,95,62,34268,,,
UCYoKtWk9LG-WhVPWOTEMXLA,Tirunelveli DMK,125,62,62025,,,
UChtYz2YF8H0YJr_IPh7FHGQ,Krishnagiri DMK,124,60,11406,,,
UCLc3olucfwikyOhY2HZylwg,karthik_dmk_67,76,57,65407,,,
UCptnmbRWwnVBDoYgBGl0-ww,Divya Prabhu ,35,52,49977,,,
UCjXqtBthwJMGLqmMeIOOtDg,@pmk jai,8,50,37871,,,
UCYOfiock6mwCz8Q7qkI7hWA,????? ?????? ??,47,50,30463,,,
UCZBL2nPnBwe9ZPfpd_8gpRA,Thanjavur DMK,96,50,13787,,,
UC8CyW7ioahH9tD8DWG8lyAA,????????? ??.??????? BA ,64,48,18677,,,
UCqUYU0txGEyIMn_xAbV2kVw,Erode DMK,125,47,33386,,,
UC6XyLU4WvLAWLvs6hglk6bg,Tiruvottiyur ItWing AIADMK ,34,46,23044,,,
UCh2ENElkacnVQKjtFVQxYVw,NamathuOlie,32,46,37879,,,
UC9_-x08KvK-HLcZ4qts0sZA,TVK_warriors_,130,45,37165,,,
UCmEaJbInw7oDqg-3uSq24gg,royapuram tvk boys,56,45,841,,,
UCjoGccA2c28m6LhSuf55kYA,Ammu Anto DMK,39,44,22082,,,
UCFRaJ0e5rDOCvrXSUHO5LJA,THALAPATHI VIJAY ,20,43,167286,,,
UCHITX8KGJsrhJErEYlz-9aw,Pudukkottai DMK,127,42,14536,,,
UCey04uaqLSthIt9mk6UqHnQ,Dravidian News,50,41,33817,,,
UCJt5FSxnBIfgfy8nQIOLeKQ,Anbil Updates,37,38,63208,,,
UCR5ZKVPTJpN89cwiQt-8ZQw,Tamil Pix ,42,38,21475,,,
UC1nyZfuhI1xfEIoOiRFtgxQ,Nagai DMK,128,37,15586,,,
UCVEBEdG0E97q86q5oazfEvw,TVK Lakshmipuram ,4,37,20376,,,
UCVrToGeLUpKWytHjSI4Mm0A,senapathi ,52,36,11259,,,
UCua0ZUUjWjf21l7aGwBLXGw,Tamilnadu today ????,148,35,25076,,,
UC2_PZDBRvufFot7c44_ygDA,Tvk party offi,14,34,49105,,,
UCnhGkcNi990SZQpsiRcMszw,Kanniyakumari DMK,158,32,19098,,,
UCqQz-55qr7281oQ9_0GG_Hw,TVK KUMARI CENTRAL ITWING ,14,32,21337,,,
UC0B7iW9EAFrzcO3l0QWdwvw,Newsziffytn,13,31,10231,,,
UC8tmaxvGbarYTXG7A1zHkiA,TvkVijay,17,31,4844,,,
UChQUfwEk575HfHXMCywDOzQ,Thalathalapathy2026,5,31,127,,,
UClRgrf2ZsMvTxqhpzOoNVxA,Dravida Silambam,19,31,12097,,,
UC_WXwDP6qILDebhhPe20cFw,Madurai DMK,155,30,2474,,,
UCwYJhI39MibcCEsqC5Ngn7g,???????? ????? ?????? ?????,51,30,220,,,
UCd90OlSm0bX_JleI6XsTc3g,Pudukkottai North AIADMK,9,29,1518,,,
UCSXCpIxhPMHSrrVmSs3IESQ,jayanthi s,249,29,45562,,,
UCPdp2Cj8-iHZ0OrJbTMZM9A,Mr.youtube,52,28,29618,,,
UCwTaAj1zCqTz40_sOx4amEQ,VAGAI GANESHAMOORTHY MURUGESAN,171,28,11393,,,
UCIoWPcKQt3b6PX3q9VgsP0g,Muthu Kumar (Kumar),73,27,38714,,,
UCYswMBYe_yhqpDXuDLxZ3eQ,Murali Tvk_Official,19,27,3864,,,
UC6Cl3eFk9VeLiUZLrWL0plA,????????? ????????...,15,26,10957,,,
UCooi02-TNxWp3COrQTv2cSg,SIVA DMK IT WING ,28,26,30296,,,
UC6KhgT_D82-Bo_2BJkLv-Aw,M.K. STALIN TEAM,133,25,29006,,,
UCcsWUeVfRbEQ83jZoelUqag,Spartans of DMK,24,24,31975,,,
UCCYoDJz2ivhu6NfKZi_N06Q,Tvkthuraiyurhq,7,24,229,,,
UCfxiszVsyyktswZz4dTmPfQ,Sakthi Uthukuli ,20,24,10572,,,
UC0q4b2qrHsqztxiOZcVs1Sw,M.????? ????? ?????? ?????,10,23,6165,,,
UCESlUrGnsWmvN7_kOa_kXjg,thalapathy rasigan tvk,10,23,47065,,,
UCYJEFyiVSQv1hlIZtqzU94A,Chandru Vijay,41,23,7854,,,
UCXAGcOR7NHDJlggXC5YZohA,TVK THALAPATHY AREA,34,22,1302,,,
UC0d09GGqylw7n_TaAUHKmWQ,TVKRAJ,11,21,1324,,,
UC7O2iEEdKaqwgSvmiD8hnaA,tvk_ arasan_06,17,21,54003,,,
UCdFXW0-v3qp-ZPZqhfQlIGg,(: THALAPATHYVIJAY :),10,21,377,,,
UC4cHPU4yoq1h39K5lxANLwQ,Namma Mudhalvar,5,19,16738,,,
UCc1JB9klYQAFjBUMY7EHM8Q,TVK 2026,413,19,21524,,,
UCmeq-VgvM83u6vEPL-cKWKQ,Tamilaga Vetri Kazhagam ????,5,19,939,,,
UCXEwMMFkOohNbXW-BZZwbPQ,Tirupathur DMK,93,19,1150,,,
UCz4st3260MqGe3-Tw9uL-fQ,Stalinfor2026,15,19,111325,,,
UC10Ng3KE_O96oQGS9glPjSQ,???????? ???????? ?????? ????????,43,18,8330,,,
UCktt5ospxpztLb8R4JpD84A,Karur DMK,113,18,6463,,,
UCTnZGnmfB-WUOwq-Gt1yPWw,DMK IT WING THURAIYUR,119,18,21749,,,
UCu_ReZrmjNzDK-Tkng4SV2w,TVK NANBA NANBIGAL,51,18,14684,,,
UC3wvhLnWBEao_Hg5_J0XLHA,Tvk territory ,6,17,5925,,,
UCaqmOkqxdT6LyC8qOoIxjHQ,kani tamil vision,61,17,29051,,,
UCbP1t-DXnHX4QwWXBXSKTgg,DMK ERODE CENTRAL Raja vellingiri,45,16,8317,,,
UCqD2fFf2GkEmS9ZwTOBNkmQ,R.S. Radha Krishnan DMK,174,16,13468,,,
UCvSvBUSmu2z2rjcNM52O3vA,illayaraja songs ,5,16,7758,,,
UCdQuz3toEnn0Ymi6SH3E6sw,Chennai Universe ,56,15,17397,,,
UCMB0wS9Q2fFEW5aj2Ihx_cw,Pratik Official 07,2,15,3339,,,
UCur0N4MmXNCb-msGTIAemcw,????????????? ??????? ???????? ,6,15,823,,,
UC0TGrXa7qqjH2dHoBns_6Cw,AIADMK Shorts,22,14,268,,,
UCOoeu7FSmKq0BXzcHCCP1jg,Kalaingar Forever,15,14,7644,,,
UCtcCV58r9ss9NqWr0cnVOxg,Tvk official ,21,14,2434,,,
UCU_rbzmwgS18-RPUx0vNW5Q,TVK_LAWRANCE,11,14,1219,,,
UCF4g0WmBrqDizLozxG2yIOQ,Tenkasi DMK,124,13,9645,,,
UC-G2VJ16VZnbzr7sWNhwTmg,thalapathy yuva,6,13,159,,,
UCnRpeIVz0rltaZwxIJKv_vg,Thalapathi_Mp_Tvk _Ms _ gaming,5,12,428,,,
UCV3lqFBUd1J-l1BS_CAEARA,???????? ?????????? ?????? ?????? ????????,23,12,5404,,,
UCN8BHl8soIBmWeYm2Zrk-NA,Ashwath Jagadeesan Medias,8,11,1227,,,
UCzMB88CIf8BFbMCyExvZmYQ,???????2026,13,10,305,,,
UCHHVejggctY0VVepJJvMuZQ,TVK-For-TN 2026,4,9,1798,,,
UCIbRbXrez5PhX746tiWM7Ig,AIADMK Tenkasi Nagaram It Wing,13,9,263,,,
UCjeJOOOSOrlxqUC9Z-dbA4Q,disqfn!,9,9,10018,,,
UCJXv56AC8YuUf_UE98tao3A,TVK FOR TN,5,9,19,,,
UCPlH9Of7n34jCx6rdQhL6WA,P.RajaPandi MDU,67,9,10714,,,
UCquDXvEZTSryD_R_9VqBmkg,TVK LEADER VIJAY,283,9,1407,,,
UCzFozKOPwiN9o-L8dLZmChw,TVK_Cuts,26,9,3677,,,
UC7ZXVNKnUPiucRrk4ZeLAjw,Senthil Kumar,28,8,2059,,,
UCODDCE-OZsFNW10u5YQ7dUQ,JET_ONE,41,7,1744,,,
UCV-_RTxOHjpTzgxnZB9ogpA,Thoothukudi DMK,163,7,8534,,,
UCZe0g5yNbsQFk110cyfzayA,TVK Sharan,10,7,965,,,
UC1XqxBajF78VFGLCyWNEvUw,Unga Vijay,14,6,1863,,,
UC88zFBcdqcEYOSxV_yE-u5g,Prathap Jaganathan,11,6,250,,,
UCgp2iBtb9-s07R2hm-GEfRQ,TVK,2,6,11,,,
UCNfny_35ViaaZo_3FPy8P0A,TVK TAMIZHA,19,6,2555,,,
UCSPIMwgYu8QwpKMBSNqZe0Q,TVK Manju ,2,6,112,,,
UC1_iRLdz750JTRljs8_QLkw,tvk_somu4042,9,5,118,,,
UC8mmzQhHvxM9THIUHoum-FA,Sataji Edits,23,5,257,,,
UCQ_32iWUzvxXUGCGUJDyjdg,Tvk Official Namakkal ,28,5,1018,,,
UCZRUGGj0hJ4g63eCzGEaEqg,SATHISH KUMAR D,4,5,278,,,
UCGEndVLM5exoxS2uWQpHRQg,JuuJuu kids game tv,21,4,278,,,
UCr9jhyxKLDSOn3JmTTfR8nw,Voice of Edappadi Palanisamy (EPS),23,4,7645,,,
UC0eJdA61mI2zemz4RC_GDOg,kuralum_karuthum,14,3,2910,,,
UC43tbBUwwK2L8olpgMrd4Cg,tvk2130,85,3,227,,,
UCa8khyr5PmrsuZF5XWOC_RQ,DAILY WAVE ALL FORT 0031,16,3,410,,,
UCIUTPeKwUxnLZkhsMxqNAxA,Rajasekar G,6,3,4377,,,
UCNx5DOtBZeKt4_B3crnTnpQ,Thalapathy Vijay trends,2,3,106,,,
UCOLAyEKxfYmV6SDvBU8ITsw,Voiceoftvk,8,3,60,,,
UC0IlEEuEroJ4PISThGB5w0A,Sathish Venkat,26,2,4361,,,
UCDrZlZkMhplfeuwnpkFIgbg,Railway Wala,3,2,9,,,
UCtwFzTstOz8ooK1XXuZ6ThQ,Thanjavur_DMK,14,2,818,,,
UC_k7EqKAkxijpxuaQVvTGiA,Thirumalaikannan  Sivgangai ,9,1,25,,,
UC4ep9ApO2xZoeZzJcLXa1Jg,NRK Logs,4,1,24,,,
UC5m0-uRNtJN03ts7CRTahVQ,"Vignesh DMK, ????",19,1,1145,,,
UC9fp3b7NMVZCdio0hJZBRDQ,Dhanush Dhanush,6,1,822,,,
UC9mSOgcwpqbk9eAa4xFfPqw,krishnakumar Kishore,96,1,3576,,,
UCAt6_DZD8Xzp04rqtrzs0rA,60th DIVISION SALEM DMK,8,1,33,,,
UCeLGoxaiwQ2lzkRgDVa5XaA,TVK FOR TN,3,1,101,,,
UCfDDcqyFqQRpSn-3Qqr5xeg,Erode Dmk east it wing ,8,1,871,,,
UCfq5n1IrkPJa2dzAQB3woAw,Tvk_dhilip_26,1,1,2,,,
UChUN8nUnIYHJaPXpeKja1ZA,Daddy Munetra Kazhagam,2,1,190,,,
UChX2U2LdDc7f1gRPu4T_Sfg,Tenkasi Dmk,5,1,1853,,,
UCl0umdX7Ld_lO01I_OXisRg,DMKFORTN,12,1,75,,,
UCmGqPzzlAmKK9zNtf0cx82w,TVKVIJAY,29,1,189,,,
UCNYywmxn5UnrKt09Jh88JpA, DMK YOUTH WING 2.0,21,1,168,,,
UCOv-ksbYs0Wl7DgFLMAx9Ig,TVK News,1,1,0,,,
UCPIZCE0cjw-jI9aPULKWcWQ,Tvk_Magesh_01,1,1,6,,,
UCruuQtlEG0eDt7wr5CUNE7w,Kovai Ruby DMK,6,1,373,,,
UC6CTNN9qBdTbjcTbaTEKJWQ,Tvk Vijay Official,1,0,8,,,
UC7Vc7IcOHjTfcn7JSTWMOHg,TVK Vijay,14,0,217,,,
UC8syiBjrQnx12igtM7y0KHg,TVKITWINGTNJ ,2,0,10,,,
UCg8eP57j4wB2y_yD4OpSgwQ,Praveen Kumar K ,2,0,12,,,
UCGC_28Y0bnawgm5cK2JRo5A,General News ,28,0,7,,,
UCgpCkftrVtKCsmONv9gVZqg,Lenaharidmk,5,0,2822,,,
UChunJTPrTz6dVDFqbu3D9jQ,yuki yuki,1,0,8,,,
UCIRIKLK7m86qpfUUycudd3Q,Abinaya Abi,1,0,189,,,
UC-o1Lf4mKXDfzzt80WoFzfw,s??????_????s?__,1,0,421,,,
UCOhursFqA-DtGSYPP7IAZUQ,thanjavur_tvk_virtual_warrior Official,2,0,143,,,
UCs1BlkEHZHNCoUzCFIQ336A,Soundar Raj,16,0,3761,,,
UCtlzQBebcTqJ6xQHFmZpVrA,Pankaj Srivastav,4,0,392,,,
UCudF5Sz-ag0vLxsJcnCpg6Q,Pmk Vignesh,2,0,404,,,
